{
  "companyName": "TechNova GmbH",
  "companyDescription": "Innovatives Software‑House spezialisiert auf KI‑Lösungen.",
  "companyLogo": "https://example.com/logos/technova.png",
  "companyAddress": "Musterstraße 1, 10115 Berlin, Deutschland",
  "companyContactPerson": "Anna Müller",
  "companyWebsite": "https://technova.de",
  "companyContactDetails": "kontakt@technova.de, +49 30 1234567",
  "postings": [
    {
      "id": "technova-1",
      "title": "KI‑Entwickler (m/w/d)",
      "description": "Entwicklung und Training von Machine‑Learning‑Modellen.",
      "announcement": "Werde Teil unseres KI‑Teams und gestalte die Zukunft!",
      "questions": [
        "Beschreibe deine Erfahrung mit TensorFlow oder PyTorch.",
        "Hast du schon Produktions‑KI‑Systeme betreut?"
      ],
      "fileUploads": [
        { "name": "lebenslauf", "label": "Lebenslauf (PDF)", "required": true },
        { "name": "zeugnisse", "label": "Zeugnisse (PDF)", "required": false }
      ],
      "informationRequested": [
        "GitHub‑Link",
        "Projektbeschreibung"
      ]
    },
    {
      "id": "technova-2",
      "title": "Frontend‑Entwickler React (m/w/d)",
      "description": "Erstellung moderner Web‑Interfaces mit React und Tailwind.",
      "announcement": "Designe intuitive UIs für unsere KI‑Tools!",
      "questions": [
        "Welche React‑Bibliotheken setzt du ein?",
        "Hast du Erfahrung mit State‑Management (Redux, Zustand)?"
      ],
      "fileUploads": [
        { "name": "lebenslauf", "label": "Lebenslauf (PDF)", "required": true },
        { "name": "codeprobe", "label": "Code‑Probe (ZIP)", "required": true }
      ],
      "informationRequested": [
        "Demo‑Link",
        "Technologie‑Stack"
      ]
    }
  ]
}
