{
  "companyName": "MarketMax Solutions",
  "companyDescription": "Beratungshaus für digitales Marketing und E‑Commerce.",
  "companyLogo": "https://example.com/logos/marketmax.png",
  "companyAddress": "Marktstraße 25, 20095 Hamburg, Deutschland",
  "companyContactPerson": "Julia Schmidt",
  "companyWebsite": "https://marketmax.com",
  "companyContactDetails": "contact@marketmax.com, +49 40 5551234",
  "postings": [
    {
      "id": "marketmax-1",
      "title": "Performance Marketing Manager (m/w/d)",
      "description": "Kampagnensteuerung auf Google Ads & Facebook.",
      "announcement": "Steigere die Conversion unserer Kunden!",
      "questions": [
        "Welche Budgets hast du betreut?",
        "Kenne deine wichtigsten KPIs."
      ],
      "fileUploads": [
        { "name": "lebenslauf", "label": "Lebenslauf (PDF)", "required": true },
        { "name": "zertifikate", "label": "Zertifikate (PDF)", "required": false }
      ],
      "informationRequested": [
        "Performance‑Reports",
        "Ad‑Beispiele"
      ]
    },
    {
      "id": "marketmax-2",
      "title": "E‑Commerce Consultant (m/w/d)",
      "description": "Optimierung von Online‑Shops auf Shopify & Magento.",
      "announcement": "Mach E‑Commerce smarter!",
      "questions": [
        "Welche Plattformen kennst du?",
        "Erkläre eine durchgeführte Optimierung."
      ],
      "fileUploads": [
        { "name": "lebenslauf", "label": "Lebenslauf (PDF)", "required": true }
      ],
      "informationRequested": [
        "Case Studies",
        "Technologie‑Stack"
      ]
    }
  ]
}