{
  "companyName": "FoodFusion Group",
  "companyDescription": "Lieferdienst für gesunde, individuelle Mahlzeiten.",
  "companyLogo": "https://example.com/logos/foodfusion.png",
  "companyAddress": "Genussweg 5, 04109 Leipzig, Deutschland",
  "companyContactPerson": "Laura Fischer",
  "companyWebsite": "https://foodfusion.group",
  "companyContactDetails": "orders@foodfusion.group, +49 341 556677",
  "postings": [
    {
      "id": "foodfusion-1",
      "title": "Logistik‑Koordinator (m/w/d)",
      "description": "Routenplanung und Warenbestandsverwaltung.",
      "announcement": "Optimiere unsere Lieferkette!",
      "questions": [
        "Erfahrung mit TMS?",
        "Internationale Routen geplant?"
      ],
      "fileUploads": [
        { "name": "lebenslauf", "label": "Lebenslauf (PDF)", "required": true }
      ],
      "informationRequested": [
        "Route‑Analysen",
        "Lagerstatistiken"
      ]
    },
    {
      "id": "foodfusion-2",
      "title": "Frontend‑Entwickler Vue.js (m/w/d)",
      "description": "Entwicklung der Kunden‑WebApp.",
      "announcement": "Kreiere appetitliche UIs!",
      "questions": [
        "Erfahrung mit Vuex?",
        "Responsive Design umgesetzt?"
      ],
      "fileUploads": [
        { "name": "lebenslauf", "label": "Lebenslauf (PDF)", "required": true },
        { "name": "portfolio", "label": "Portfolio (Link)", "required": false }
      ],
      "informationRequested": [
        "Live‑Demo",
        "Code‑Beispiele"
      ]
    }
  ]
}