{
  "companyName": "MediLife GmbH",
  "companyDescription": "Hersteller von medizinischen Geräten und Software.",
  "companyLogo": "https://example.com/logos/medilife.png",
  "companyAddress": "Medicusweg 9, 48149 Münster, Deutschland",
  "companyContactPerson": "Claudia Wagner",
  "companyWebsite": "https://medilife.de",
  "companyContactDetails": "sales@medilife.de, +49 251 112233",
  "postings": [
    {
      "id": "medilife-1",
      "title": "Embedded‑Software‑Ingenieur (m/w/d)",
      "description": "Firmware‑Entwicklung für Medical Devices.",
      "announcement": "Programmiere das Leben!",
      "questions": [
        "Kenntnisse in C/C++?",
        "Erfahrung mit Embedded Linux?"
      ],
      "fileUploads": [
        { "name": "lebenslauf", "label": "Lebenslauf (PDF)", "required": true }
      ],
      "informationRequested": [
        "Quellcode‑Beispiele",
        "Test‑Reports"
      ]
    },
    {
      "id": "medilife-2",
      "title": "Quality Assurance Manager (m/w/d)",
      "description": "Sicherstellung der Produktqualität nach ISO 13485.",
      "announcement": "Garant für unsere Standards!",
      "questions": [
        "Erfahrung mit ISO 9001/13485?",
        "Audits durchgeführt?"
      ],
      "fileUploads": [
        { "name": "lebenslauf", "label": "Lebenslauf (PDF)", "required": true }
      ],
      "informationRequested": [
        "Audit‑Berichte",
        "Prozessdokumentation"
      ]
    }
  ]
}