{
  "companyName": "EduSmart Academy",
  "companyDescription": "Digitale Plattform für interaktive Online‑Kurse.",
  "companyLogo": "https://example.com/logos/edusmart.png",
  "companyAddress": "Lernweg 7, 40210 Düsseldorf, Deutschland",
  "companyContactPerson": "Sabine Keller",
  "companyWebsite": "https://edusmart.academy",
  "companyContactDetails": "support@edusmart.academy, +49 211 445566",
  "postings": [
    {
      "id": "edusmart-1",
      "title": "Content Developer (m/w/d)",
      "description": "Erstellung interaktiver Lernmodule.",
      "announcement": "Gestalte Bildung neu!",
      "questions": [
        "Welche Autorentools kennst du?",
        "Hast du didaktische Erfahrung?"
      ],
      "fileUploads": [
        { "name": "lebenslauf", "label": "Lebenslauf (PDF)", "required": true },
        { "name": "arbeitsprobe", "label": "Arbeitsprobe (SCORM/ZIP)", "required": true }
      ],
      "informationRequested": [
        "Projektbeschreibung",
        "Publikationen"
      ]
    },
    {
      "id": "edusmart-2",
      "title": "Lernplattform‑Administrator (m/w/d)",
      "description": "Wartung und Support der Plattform.",
      "announcement": "Sorge für einen reibungslosen Kursbetrieb!",
      "questions": [
        "Erfahrung mit LMS (Moodle, Canvas)?",
        "Welche Skript‑Sprachen beherrschst du?"
      ],
      "fileUploads": [
        { "name": "lebenslauf", "label": "Lebenslauf (PDF)", "required": true }
      ],
      "informationRequested": [
        "Admin‑Referenzen",
        "Server‑Know‑How"
      ]
    }
  ]
}