{
  "companyName": "AutoDrive Inc.",
  "companyDescription": "Entwicklung autonomer Fahrsysteme.",
  "companyLogo": "https://example.com/logos/autodrive.png",
  "companyAddress": "Innovation Drive 20, 70173 Stuttgart, Deutschland",
  "companyContactPerson": "Stefan Weber",
  "companyWebsite": "https://autodrive.io",
  "companyContactDetails": "careers@autodrive.io, +49 711 223344",
  "postings": [
    {
      "id": "autodrive-1",
      "title": "Robotik‑Ingenieur (m/w/d)",
      "description": "Sensor‑Fusion und Pfadplanung für autonome Fahrzeuge.",
      "announcement": "Bring Mobilität auf Autopilot!",
      "questions": [
        "Erfahrung mit ROS?",
        "Welche Sensoren hast du integriert?"
      ],
      "fileUploads": [
        { "name": "lebenslauf", "label": "Lebenslauf (PDF)", "required": true }
      ],
      "informationRequested": [
        "Simulations‑Ergebnisse",
        "Projektrepository"
      ]
    },
    {
      "id": "autodrive-2",
      "title": "Test‑Ingenieur Autonomes Fahren (m/w/d)",
      "description": "Testautomatisierung und Validierung im Feld.",
      "announcement": "Teste die Fahrerlaubnis der Zukunft!",
      "questions": [
        "Erfahrung mit Testframeworks?",
        "Wie dokumentierst du Testfälle?"
      ],
      "fileUploads": [
        { "name": "lebenslauf", "label": "Lebenslauf (PDF)", "required": true }
      ],
      "informationRequested": [
        "Testpläne",
        "Fahrdaten"
      ]
    }
  ]
}