{
  "companyName": "FinCore Bank",
  "companyDescription": "Innovative Banklösungen im digitalen Zeitalter.",
  "companyLogo": "https://example.com/logos/fincore.png",
  "companyAddress": "Finanzplatz 4, 60311 Frankfurt am Main, Deutschland",
  "companyContactPerson": "Markus Lehmann",
  "companyWebsite": "https://fincore.bank",
  "companyContactDetails": "helpdesk@fincore.bank, +49 69 778899",
  "postings": [
    {
      "id": "fincore-1",
      "title": "Fullstack‑Entwickler (m/w/d)",
      "description": "Java‑Spring Boot & React‑Entwicklung.",
      "announcement": "Baue das Banking von morgen!",
      "questions": [
        "Erfahrung mit Microservices?",
        "Kennst du OAuth2/OpenID Connect?"
      ],
      "fileUploads": [
        { "name": "lebenslauf", "label": "Lebenslauf (PDF)", "required": true }
      ],
      "informationRequested": [
        "Architektur‑Diagramme",
        "CI/CD‑Erfahrung"
      ]
    },
    {
      "id": "fincore-2",
      "title": "IT‑Security‑Analyst (m/w/d)",
      "description": "Überprüfung und Härtung unserer Systeme.",
      "announcement": "Schütze unsere Finanzplattform!",
      "questions": [
        "Welche Pentest‑Tools nutztest du?",
        "Erfahrung mit SOC?"
      ],
      "fileUploads": [
        { "name": "lebenslauf", "label": "Lebenslauf (PDF)", "required": true }
      ],
      "informationRequested": [
        "Zertifikate (CISSP, etc.)",
        "Pentest‑Berichte"
      ]
    }
  ]
}